{"fltprocess_ConvLSTM2D_precision": 0.4253444967730682, "fltprocess_ConvLSTM2D_recall": 0.4926838810641627, "fltprocess_ConvLSTM2D_f1": 0.45608979728597754}